0200|two in the morning|So when Dom, looking agitated and desperate, pounded on Tom's door at two in the morning and said he would erase a chunk of the debt in return for an "errand," Tom knew he had no choice. Besides, this wasn't really an offer; it was a command.
0200|two oâ€™clock|â€œThat night I awoke around two oâ€™clock to the sound of distant thunder and realized all over again that Mr. Harrigan was dead. <br>I was in my bed and he was in the ground.â€
0200|2:00 a.m.|Then yesterday morning a student - Amy Chan - was brought into the Twin Falls station by her mother. Amy claimed she had seen Leena stumbling drunkenly along the Devilâ€™s Bridge sidewalk at around 2:00 a.m. on Saturday, November 15.
0200|Two oâ€™clock in the morning|â€œThe clock in the centre on the wall in the cafe chimed to announce it was Two oâ€™clock in the morning.  In the middle of the night, everything was silent.â€
0200|two oâ€™clock|â€œItâ€™s a delusional painter who finishes a canvas at two oâ€™clock and expects radical societal transformation by four. Even when artists write manifestos, they are (hopefully) aware that their exigent tone is, finally, borrowed, only echoing and mimicking the urgency of the guerrillaâ€™s demands, or the activistâ€™s protests, rather than truly enacting it. The people sometimes demand change. They almost never demand art.â€
0200|2 A.M.|Jessica heard the disturbance in the great hall, turned on the light beside her bed. The clock there had not been properly adjusted to local time, and she had to subtract twenty-one minutes to determine that it was about 2 A.M.
0200|two in the morning|â€œMy dear Mr. Sherlock Holmes:<br>â€œThere has been a bad business during the night at 3, Lauriston Gardens, off the Brixton Road. Our man on the beat saw a light there about two in the morning, and as the house was an empty one, suspected that something was amiss.â€
0200|two oâ€™clock|With the wigs taken care of, he puts on of the blank Staples notebooks beside his personal lappie and begins a virtual tour of houses and apartments for rent. He finds a number of possibles, but any boots-on-the-ground investigation will have to wait until he gets his goods from Amazon.<br>Itâ€™s only two oâ€™clock when he finishes his virtual house-hunting, too early to call it a day. Itâ€™s actually time to start writing.
0200|two in the morning|According to his Timex, it was two in the morning. The room was cold, but his arms and chest were slimy with sweat.<br>Want some advice, Honeybear?<br>â€œNo,â€ he said. â€œNot from you.â€
0200|two in the morning|Although it was two in the morning, Momo answered on the second ring. She was eighty-five, and her sleep was as thin as her skin.
0200|two oâ€™clock|â€œIâ€™ll try the Infermiterol,â€ I said curtly.<br>â€œGood. And eat a high-dairy meal each day. Did you know that cows can choose to sleep standing up or lying down? Given the option, I know what ğ˜â€™ğ˜¥ pick. Have you ever made yogurt on the stove? Donâ€™t answer that. Weâ€™ll save the cooking lesson for our next meeting. Now write this down because I have a feeling youâ€™re too psychotic to remember: Saturday, January twentieth, at two oâ€™clock. And try the Infermiterol. Bye bye.â€
0200|Two oâ€™clock|When I came home to West Egg that night I was afraid for a moment that my house was on fire. Two oâ€™clock and the whole corner of the peninsula was blazing with light, which fell unreal on the shrubbery and made thin elongating glints upon the roadside wires.
0200|2 ğ˜°â€™ğ˜¤ğ˜­ğ˜°ğ˜¤ğ˜¬|Henry held out his hand for the note, which Victoria gave over in exchange for a Sweet Caporal. There were only four words: ğ˜›ğ˜°ğ˜®ğ˜°ğ˜³ğ˜³ğ˜°ğ˜¸ ğ˜®ğ˜°ğ˜³ğ˜¯ğ˜ªğ˜¯ğ˜¨. 2 ğ˜°â€™ğ˜¤ğ˜­ğ˜°ğ˜¤ğ˜¬.
0200|two in the morning|She knew he must have his own history of her, everything from the cinnamon-flavored ChapStick she used on her lips in the winter to the smell of her shampoo when he nuzzled the back of her neck (that nuzzle didnâ€™t come so often now, but it still came) to the click of her computer at two in the morning on those two or three nights a month when sleep for some reason jilted her.
0200|two AM|She shut off her computer and climbed to the second floor at a slow trudge. The shower eased her back and couple of Tylenol would probably ease it more by two AM or so; she was sure sheâ€™d be awake to find out.
0200|2:00 a.m.|At 2:00 a.m. the night peaked, and the trio decided to head back to Cleo and Frankâ€™s place. Zoe was sitting with Audrey on the large fire escape learning how to roll the perfect joint when Cleo clambered out, her arms laden with colorful Popsicles.
0200|Two oâ€™clock|â€œSaturday afternoon?â€ she asked.<br>He winked at Billy and squeezed the girlâ€™s head in the crook of his arm. â€œNo. Two oâ€™clock Saturday night. Slip up and knock on that same window you was at this morning. Iâ€™ll talk the night aide into letting you in.â€
0200|two A.M.|â€œIâ€™ve been waiting here all night,â€ Shawn said. â€œTell me everything.â€<br>â€œShawn,â€ she said. â€œItâ€™s all amazing. Where do I even begin . . .â€<br>They talked until two A.M.
0200|two in the morning|Nearly four months after her marriage to Hossein and three days after the momentous Black Friday massacre in Jaleh Square, Bahar had crept into her sistersâ€™ Tehran apartment at two in the morning. She slipped so quietly into the single bed she had once shared with little Layla that Marjan did not notice her until the coming of dawn.
0200|two oâ€™clock|At two oâ€™clock back at the Weatherbysâ€™ Sally asked her if she and Amory had had a â€œtimeâ€ in the den. Isabelle turned to her quietly. In her eyes was the light of the idealist, the inviolate dreamer of Joan-like dreams.
0200|two o'clock|As two o'clock pealed from the cathedral bell, Jean Valjean awoke.
0200|2 A.M.|Get on plane at 2 A.M., amid bundles, chickens, gypsies, sit opposite pair of plump fortune tellers who groan and (very discreetly) throw up all the way to Tbilisi.
0200|two|Lady Macbeth: Out, damned spot; out, I say. One, two,â€”why, then â€™tis time to doâ€™t. Hell is murky. Fie, my lord, fie, a soldier and afeard? What need we fear who knows it when none can call our power to account? Yet who would have thought the old man to have had so much blood in him?
0200|It struck two.|Somewhere behind a screen a clock began wheezing, as though oppressed by something, as though someone were strangling it. After an unnaturally prolonged wheezing there followed a shrill, nasty, and as it were unexpectedly rapid, chime - as though someone were suddenly jumping forward. It struck two. I woke up, though I had indeed not been asleep but lying half-conscious.
0200|two o'clock|When all had grown quiet and Fyodor Pavlovich went to bed at around two o'clock, Ivan Fyodorovich also went to bed with the firm resolve of falling quickly asleep, as he felt horribly exhausted.
